GeneSet,Gene
urbanska_universal_cell_mechanics,857
urbanska_universal_cell_mechanics,2274
urbanska_universal_cell_mechanics,3490
urbanska_universal_cell_mechanics,6876
urbanska_universal_cell_mechanics,7057
cordenonsi_yap_conserved_signature,3268
cordenonsi_yap_conserved_signature,51421
cordenonsi_yap_conserved_signature,27063
cordenonsi_yap_conserved_signature,50807
cordenonsi_yap_conserved_signature,558
cordenonsi_yap_conserved_signature,80114
cordenonsi_yap_conserved_signature,332
cordenonsi_yap_conserved_signature,8436
cordenonsi_yap_conserved_signature,3491
cordenonsi_yap_conserved_signature,1490
cordenonsi_yap_conserved_signature,991
cordenonsi_yap_conserved_signature,1031
cordenonsi_yap_conserved_signature,1063
cordenonsi_yap_conserved_signature,1285
cordenonsi_yap_conserved_signature,51232
cordenonsi_yap_conserved_signature,1601
cordenonsi_yap_conserved_signature,23576
cordenonsi_yap_conserved_signature,10395
cordenonsi_yap_conserved_signature,1843
cordenonsi_yap_conserved_signature,1854
cordenonsi_yap_conserved_signature,1894
cordenonsi_yap_conserved_signature,2013
cordenonsi_yap_conserved_signature,2119
cordenonsi_yap_conserved_signature,2247
cordenonsi_yap_conserved_signature,2316
cordenonsi_yap_conserved_signature,6624
cordenonsi_yap_conserved_signature,11167
cordenonsi_yap_conserved_signature,4616
cordenonsi_yap_conserved_signature,2621
cordenonsi_yap_conserved_signature,8836
cordenonsi_yap_conserved_signature,2744
cordenonsi_yap_conserved_signature,3074
cordenonsi_yap_conserved_signature,3161
cordenonsi_yap_conserved_signature,3689
cordenonsi_yap_conserved_signature,3693
cordenonsi_yap_conserved_signature,10186
cordenonsi_yap_conserved_signature,4082
cordenonsi_yap_conserved_signature,29969
cordenonsi_yap_conserved_signature,10397
cordenonsi_yap_conserved_signature,64236
cordenonsi_yap_conserved_signature,26227
cordenonsi_yap_conserved_signature,5376
cordenonsi_yap_conserved_signature,29970
cordenonsi_yap_conserved_signature,5054
cordenonsi_yap_conserved_signature,6446
cordenonsi_yap_conserved_signature,63898
cordenonsi_yap_conserved_signature,79801
cordenonsi_yap_conserved_signature,9353
cordenonsi_yap_conserved_signature,3925
cordenonsi_yap_conserved_signature,7042
cordenonsi_yap_conserved_signature,7052
cordenonsi_yap_conserved_signature,7057
cordenonsi_yap_conserved_signature,7083
cordenonsi_yap_conserved_signature,7139
cordenonsi_yap_conserved_signature,7145
cordenonsi_yap_conserved_signature,7153
cordenonsi_yap_conserved_signature,10099
yap_target_genes_up,10413
yap_target_genes_up,7003
yap_target_genes_up,154796
yap_target_genes_up,558
yap_target_genes_up,332
yap_target_genes_up,595
yap_target_genes_up,861
yap_target_genes_up,860
yap_target_genes_up,1495
yap_target_genes_up,1499
cytoskeleton_organization,387
cytoskeleton_organization,3984
cytoskeleton_organization,60
cytoskeleton_organization,5879
cytoskeleton_organization,5058
cytoskeleton_organization,1729
cytoskeleton_organization,4627
cytoskeleton_organization,6093
cytoskeleton_organization,9475
cytoskeleton_organization,4638
cytoskeleton_organization,7168
cytoskeleton_organization,857
cytoskeleton_organization,7791
focal_adhesion,7414
focal_adhesion,3688
focal_adhesion,3689
focal_adhesion,2335
focal_adhesion,7791
planar_cell_polarity,23002
planar_cell_polarity,9620
planar_cell_polarity,1952
planar_cell_polarity,10427
planar_cell_polarity,81839
planar_cell_polarity,57216
planar_cell_polarity,1855
linc_complex,23345
linc_complex,23224
linc_complex,161176
linc_complex,163183
linc_complex,23353
linc_complex,25777
linc_complex,4000
linc_complex,4001
linc_complex,84823
linc_complex,7431
linc_complex,5339
linc_complex,3799
wp_mechanoregulation_and_pathology_of_yaptaz_via_hippo_and_nonhippo_mechanisms,58
wp_mechanoregulation_and_pathology_of_yaptaz_via_hippo_and_nonhippo_mechanisms,59
wp_mechanoregulation_and_pathology_of_yaptaz_via_hippo_and_nonhippo_mechanisms,60
wp_mechanoregulation_and_pathology_of_yaptaz_via_hippo_and_nonhippo_mechanisms,70
wp_mechanoregulation_and_pathology_of_yaptaz_via_hippo_and_nonhippo_mechanisms,71
wp_mechanoregulation_and_pathology_of_yaptaz_via_hippo_and_nonhippo_mechanisms,72
wp_mechanoregulation_and_pathology_of_yaptaz_via_hippo_and_nonhippo_mechanisms,106821730
wp_mechanoregulation_and_pathology_of_yaptaz_via_hippo_and_nonhippo_mechanisms,999
wp_mechanoregulation_and_pathology_of_yaptaz_via_hippo_and_nonhippo_mechanisms,1495
wp_mechanoregulation_and_pathology_of_yaptaz_via_hippo_and_nonhippo_mechanisms,1499
wp_mechanoregulation_and_pathology_of_yaptaz_via_hippo_and_nonhippo_mechanisms,3688
wp_mechanoregulation_and_pathology_of_yaptaz_via_hippo_and_nonhippo_mechanisms,3689
wp_mechanoregulation_and_pathology_of_yaptaz_via_hippo_and_nonhippo_mechanisms,3690
wp_mechanoregulation_and_pathology_of_yaptaz_via_hippo_and_nonhippo_mechanisms,3691
wp_mechanoregulation_and_pathology_of_yaptaz_via_hippo_and_nonhippo_mechanisms,3693
wp_mechanoregulation_and_pathology_of_yaptaz_via_hippo_and_nonhippo_mechanisms,3694
wp_mechanoregulation_and_pathology_of_yaptaz_via_hippo_and_nonhippo_mechanisms,3695
wp_mechanoregulation_and_pathology_of_yaptaz_via_hippo_and_nonhippo_mechanisms,3696
wp_mechanoregulation_and_pathology_of_yaptaz_via_hippo_and_nonhippo_mechanisms,9113
wp_mechanoregulation_and_pathology_of_yaptaz_via_hippo_and_nonhippo_mechanisms,8994
wp_mechanoregulation_and_pathology_of_yaptaz_via_hippo_and_nonhippo_mechanisms,11184
wp_mechanoregulation_and_pathology_of_yaptaz_via_hippo_and_nonhippo_mechanisms,5871
wp_mechanoregulation_and_pathology_of_yaptaz_via_hippo_and_nonhippo_mechanisms,8491
wp_mechanoregulation_and_pathology_of_yaptaz_via_hippo_and_nonhippo_mechanisms,9448
wp_mechanoregulation_and_pathology_of_yaptaz_via_hippo_and_nonhippo_mechanisms,11183
wp_mechanoregulation_and_pathology_of_yaptaz_via_hippo_and_nonhippo_mechanisms,5602
wp_mechanoregulation_and_pathology_of_yaptaz_via_hippo_and_nonhippo_mechanisms,5599
wp_mechanoregulation_and_pathology_of_yaptaz_via_hippo_and_nonhippo_mechanisms,5601
wp_mechanoregulation_and_pathology_of_yaptaz_via_hippo_and_nonhippo_mechanisms,4485
wp_mechanoregulation_and_pathology_of_yaptaz_via_hippo_and_nonhippo_mechanisms,4771
wp_mechanoregulation_and_pathology_of_yaptaz_via_hippo_and_nonhippo_mechanisms,5058
wp_mechanoregulation_and_pathology_of_yaptaz_via_hippo_and_nonhippo_mechanisms,5062
wp_mechanoregulation_and_pathology_of_yaptaz_via_hippo_and_nonhippo_mechanisms,5063
wp_mechanoregulation_and_pathology_of_yaptaz_via_hippo_and_nonhippo_mechanisms,10298
wp_mechanoregulation_and_pathology_of_yaptaz_via_hippo_and_nonhippo_mechanisms,57144
wp_mechanoregulation_and_pathology_of_yaptaz_via_hippo_and_nonhippo_mechanisms,56924
wp_mechanoregulation_and_pathology_of_yaptaz_via_hippo_and_nonhippo_mechanisms,60485
wp_mechanoregulation_and_pathology_of_yaptaz_via_hippo_and_nonhippo_mechanisms,259230
wp_mechanoregulation_and_pathology_of_yaptaz_via_hippo_and_nonhippo_mechanisms,6714
wp_mechanoregulation_and_pathology_of_yaptaz_via_hippo_and_nonhippo_mechanisms,6788
wp_mechanoregulation_and_pathology_of_yaptaz_via_hippo_and_nonhippo_mechanisms,7003
wp_mechanoregulation_and_pathology_of_yaptaz_via_hippo_and_nonhippo_mechanisms,8463
wp_mechanoregulation_and_pathology_of_yaptaz_via_hippo_and_nonhippo_mechanisms,7005
wp_mechanoregulation_and_pathology_of_yaptaz_via_hippo_and_nonhippo_mechanisms,7004
wp_mechanoregulation_and_pathology_of_yaptaz_via_hippo_and_nonhippo_mechanisms,25937
wp_mechanoregulation_and_pathology_of_yaptaz_via_hippo_and_nonhippo_mechanisms,10413
wp_mechanoregulation_and_pathology_of_yaptaz_via_hippo_and_nonhippo_mechanisms,10971
gobp_blood_vessel_morphogenesis,1000
gobp_blood_vessel_morphogenesis,10000
gobp_blood_vessel_morphogenesis,100126334
gobp_blood_vessel_morphogenesis,100126351
gobp_blood_vessel_morphogenesis,100127206
gobp_blood_vessel_morphogenesis,10014
gobp_blood_vessel_morphogenesis,10016
gobp_blood_vessel_morphogenesis,100187716
gobp_blood_vessel_morphogenesis,1003
gobp_blood_vessel_morphogenesis,100302153
gobp_blood_vessel_morphogenesis,100302263
gobp_blood_vessel_morphogenesis,100423036
gobp_blood_vessel_morphogenesis,100506013
gobp_blood_vessel_morphogenesis,10052
gobp_blood_vessel_morphogenesis,101
gobp_blood_vessel_morphogenesis,1012
gobp_blood_vessel_morphogenesis,10163
gobp_blood_vessel_morphogenesis,10203
gobp_blood_vessel_morphogenesis,10253
gobp_blood_vessel_morphogenesis,10266
gobp_blood_vessel_morphogenesis,10267
gobp_blood_vessel_morphogenesis,10298
gobp_blood_vessel_morphogenesis,10352
gobp_blood_vessel_morphogenesis,10365
gobp_blood_vessel_morphogenesis,10370
gobp_blood_vessel_morphogenesis,10411
gobp_blood_vessel_morphogenesis,10413
gobp_blood_vessel_morphogenesis,10427
gobp_blood_vessel_morphogenesis,10451
gobp_blood_vessel_morphogenesis,10457
gobp_blood_vessel_morphogenesis,10481
gobp_blood_vessel_morphogenesis,10519
gobp_blood_vessel_morphogenesis,10553
gobp_blood_vessel_morphogenesis,10563
gobp_blood_vessel_morphogenesis,10672
gobp_blood_vessel_morphogenesis,10769
gobp_blood_vessel_morphogenesis,10800
gobp_blood_vessel_morphogenesis,10855
gobp_blood_vessel_morphogenesis,11005
gobp_blood_vessel_morphogenesis,11061
gobp_blood_vessel_morphogenesis,11082
gobp_blood_vessel_morphogenesis,11117
gobp_blood_vessel_morphogenesis,11126
gobp_blood_vessel_morphogenesis,11146
gobp_blood_vessel_morphogenesis,1116
gobp_blood_vessel_morphogenesis,11235
gobp_blood_vessel_morphogenesis,112744
gobp_blood_vessel_morphogenesis,113026
gobp_blood_vessel_morphogenesis,1139
gobp_blood_vessel_morphogenesis,116150
gobp_blood_vessel_morphogenesis,116844
gobp_blood_vessel_morphogenesis,1215
gobp_blood_vessel_morphogenesis,1232
gobp_blood_vessel_morphogenesis,126259
gobp_blood_vessel_morphogenesis,126393
gobp_blood_vessel_morphogenesis,127385
gobp_blood_vessel_morphogenesis,1281
gobp_blood_vessel_morphogenesis,1282
gobp_blood_vessel_morphogenesis,128240
gobp_blood_vessel_morphogenesis,1284
gobp_blood_vessel_morphogenesis,1285
gobp_blood_vessel_morphogenesis,1295
gobp_blood_vessel_morphogenesis,1296
gobp_blood_vessel_morphogenesis,1306
gobp_blood_vessel_morphogenesis,1311
gobp_blood_vessel_morphogenesis,1317
gobp_blood_vessel_morphogenesis,133
gobp_blood_vessel_morphogenesis,1386
gobp_blood_vessel_morphogenesis,14
gobp_blood_vessel_morphogenesis,140862
gobp_blood_vessel_morphogenesis,1432
gobp_blood_vessel_morphogenesis,144455
gobp_blood_vessel_morphogenesis,1464
gobp_blood_vessel_morphogenesis,146850
gobp_blood_vessel_morphogenesis,147372
gobp_blood_vessel_morphogenesis,1482
gobp_blood_vessel_morphogenesis,1490
gobp_blood_vessel_morphogenesis,1499
gobp_blood_vessel_morphogenesis,151
gobp_blood_vessel_morphogenesis,1512
gobp_blood_vessel_morphogenesis,1524
gobp_blood_vessel_morphogenesis,153090
gobp_blood_vessel_morphogenesis,1536
gobp_blood_vessel_morphogenesis,1545
gobp_blood_vessel_morphogenesis,154796
gobp_blood_vessel_morphogenesis,154810
gobp_blood_vessel_morphogenesis,1605
gobp_blood_vessel_morphogenesis,161198
gobp_blood_vessel_morphogenesis,161742
gobp_blood_vessel_morphogenesis,1634
gobp_blood_vessel_morphogenesis,1636
gobp_blood_vessel_morphogenesis,1647
gobp_blood_vessel_morphogenesis,168667
gobp_blood_vessel_morphogenesis,182
gobp_blood_vessel_morphogenesis,185
gobp_blood_vessel_morphogenesis,187
gobp_blood_vessel_morphogenesis,1870
gobp_blood_vessel_morphogenesis,1890
gobp_blood_vessel_morphogenesis,1893
gobp_blood_vessel_morphogenesis,1901
gobp_blood_vessel_morphogenesis,1906
gobp_blood_vessel_morphogenesis,1907
gobp_blood_vessel_morphogenesis,1909
gobp_blood_vessel_morphogenesis,1942
gobp_blood_vessel_morphogenesis,1944
gobp_blood_vessel_morphogenesis,1948
gobp_blood_vessel_morphogenesis,1950
gobp_blood_vessel_morphogenesis,1960
gobp_blood_vessel_morphogenesis,196528
gobp_blood_vessel_morphogenesis,196740
gobp_blood_vessel_morphogenesis,1969
gobp_blood_vessel_morphogenesis,1990
gobp_blood_vessel_morphogenesis,2004
gobp_blood_vessel_morphogenesis,2013
gobp_blood_vessel_morphogenesis,2022
gobp_blood_vessel_morphogenesis,2028
gobp_blood_vessel_morphogenesis,2034
gobp_blood_vessel_morphogenesis,2041
gobp_blood_vessel_morphogenesis,2047
gobp_blood_vessel_morphogenesis,2048
gobp_blood_vessel_morphogenesis,204851
gobp_blood_vessel_morphogenesis,2049
gobp_blood_vessel_morphogenesis,2050
gobp_blood_vessel_morphogenesis,2064
gobp_blood_vessel_morphogenesis,2069
gobp_blood_vessel_morphogenesis,207
gobp_blood_vessel_morphogenesis,2113
gobp_blood_vessel_morphogenesis,2116
gobp_blood_vessel_morphogenesis,2138
gobp_blood_vessel_morphogenesis,2152
gobp_blood_vessel_morphogenesis,2185
gobp_blood_vessel_morphogenesis,2191
gobp_blood_vessel_morphogenesis,219699
gobp_blood_vessel_morphogenesis,221074
gobp_blood_vessel_morphogenesis,221395
gobp_blood_vessel_morphogenesis,221981
gobp_blood_vessel_morphogenesis,2246
gobp_blood_vessel_morphogenesis,2247
gobp_blood_vessel_morphogenesis,2251
gobp_blood_vessel_morphogenesis,2253
gobp_blood_vessel_morphogenesis,2254
gobp_blood_vessel_morphogenesis,2255
gobp_blood_vessel_morphogenesis,2260
gobp_blood_vessel_morphogenesis,2263
gobp_blood_vessel_morphogenesis,2277
gobp_blood_vessel_morphogenesis,22846
gobp_blood_vessel_morphogenesis,22905
gobp_blood_vessel_morphogenesis,2294
gobp_blood_vessel_morphogenesis,2296
gobp_blood_vessel_morphogenesis,22976
gobp_blood_vessel_morphogenesis,2303
gobp_blood_vessel_morphogenesis,23129
gobp_blood_vessel_morphogenesis,2316
gobp_blood_vessel_morphogenesis,23166
gobp_blood_vessel_morphogenesis,2321
gobp_blood_vessel_morphogenesis,23210
gobp_blood_vessel_morphogenesis,23213
gobp_blood_vessel_morphogenesis,2324
gobp_blood_vessel_morphogenesis,23251
gobp_blood_vessel_morphogenesis,23328
gobp_blood_vessel_morphogenesis,2335
gobp_blood_vessel_morphogenesis,23411
gobp_blood_vessel_morphogenesis,23414
gobp_blood_vessel_morphogenesis,23462
gobp_blood_vessel_morphogenesis,2348
gobp_blood_vessel_morphogenesis,23493
gobp_blood_vessel_morphogenesis,23509
gobp_blood_vessel_morphogenesis,23554
gobp_blood_vessel_morphogenesis,23576
gobp_blood_vessel_morphogenesis,23670
gobp_blood_vessel_morphogenesis,240
gobp_blood_vessel_morphogenesis,25
gobp_blood_vessel_morphogenesis,2523
gobp_blood_vessel_morphogenesis,2549
gobp_blood_vessel_morphogenesis,255324
gobp_blood_vessel_morphogenesis,25817
gobp_blood_vessel_morphogenesis,25865
gobp_blood_vessel_morphogenesis,25932
gobp_blood_vessel_morphogenesis,25960
gobp_blood_vessel_morphogenesis,25976
gobp_blood_vessel_morphogenesis,26051
gobp_blood_vessel_morphogenesis,2624
gobp_blood_vessel_morphogenesis,26254
gobp_blood_vessel_morphogenesis,2626
gobp_blood_vessel_morphogenesis,2627
gobp_blood_vessel_morphogenesis,2637
gobp_blood_vessel_morphogenesis,26523
gobp_blood_vessel_morphogenesis,2658
gobp_blood_vessel_morphogenesis,26585
gobp_blood_vessel_morphogenesis,2683
gobp_blood_vessel_morphogenesis,2693
gobp_blood_vessel_morphogenesis,2697
gobp_blood_vessel_morphogenesis,2702
gobp_blood_vessel_morphogenesis,27035
gobp_blood_vessel_morphogenesis,27161
gobp_blood_vessel_morphogenesis,27286
gobp_blood_vessel_morphogenesis,27329
gobp_blood_vessel_morphogenesis,2752
gobp_blood_vessel_morphogenesis,2822
gobp_blood_vessel_morphogenesis,2828
gobp_blood_vessel_morphogenesis,283
gobp_blood_vessel_morphogenesis,2833
gobp_blood_vessel_morphogenesis,2838
gobp_blood_vessel_morphogenesis,284
gobp_blood_vessel_morphogenesis,284217
gobp_blood_vessel_morphogenesis,284340
gobp_blood_vessel_morphogenesis,284361
gobp_blood_vessel_morphogenesis,285
gobp_blood_vessel_morphogenesis,28514
gobp_blood_vessel_morphogenesis,2876
gobp_blood_vessel_morphogenesis,2896
gobp_blood_vessel_morphogenesis,28984
gobp_blood_vessel_morphogenesis,28996
gobp_blood_vessel_morphogenesis,290
gobp_blood_vessel_morphogenesis,29072
gobp_blood_vessel_morphogenesis,2969
gobp_blood_vessel_morphogenesis,29775
gobp_blood_vessel_morphogenesis,29924
gobp_blood_vessel_morphogenesis,30008
gobp_blood_vessel_morphogenesis,301
gobp_blood_vessel_morphogenesis,302
gobp_blood_vessel_morphogenesis,3037
gobp_blood_vessel_morphogenesis,306
gobp_blood_vessel_morphogenesis,30832
gobp_blood_vessel_morphogenesis,3087
gobp_blood_vessel_morphogenesis,3091
gobp_blood_vessel_morphogenesis,3099
gobp_blood_vessel_morphogenesis,3135
gobp_blood_vessel_morphogenesis,3162
gobp_blood_vessel_morphogenesis,3164
gobp_blood_vessel_morphogenesis,3198
gobp_blood_vessel_morphogenesis,3200
gobp_blood_vessel_morphogenesis,3202
gobp_blood_vessel_morphogenesis,3204
gobp_blood_vessel_morphogenesis,3209
gobp_blood_vessel_morphogenesis,3213
gobp_blood_vessel_morphogenesis,3248
gobp_blood_vessel_morphogenesis,3273
gobp_blood_vessel_morphogenesis,3280
gobp_blood_vessel_morphogenesis,3315
gobp_blood_vessel_morphogenesis,3339
gobp_blood_vessel_morphogenesis,3346
gobp_blood_vessel_morphogenesis,3373
gobp_blood_vessel_morphogenesis,338
gobp_blood_vessel_morphogenesis,339123
gobp_blood_vessel_morphogenesis,3397
gobp_blood_vessel_morphogenesis,347
gobp_blood_vessel_morphogenesis,348
gobp_blood_vessel_morphogenesis,3491
gobp_blood_vessel_morphogenesis,350
gobp_blood_vessel_morphogenesis,3516
gobp_blood_vessel_morphogenesis,354
gobp_blood_vessel_morphogenesis,3549
gobp_blood_vessel_morphogenesis,3552
gobp_blood_vessel_morphogenesis,3553
gobp_blood_vessel_morphogenesis,356
gobp_blood_vessel_morphogenesis,3569
gobp_blood_vessel_morphogenesis,3576
gobp_blood_vessel_morphogenesis,358
gobp_blood_vessel_morphogenesis,3586
gobp_blood_vessel_morphogenesis,3592
gobp_blood_vessel_morphogenesis,3593
gobp_blood_vessel_morphogenesis,3606
gobp_blood_vessel_morphogenesis,3627
gobp_blood_vessel_morphogenesis,3670
gobp_blood_vessel_morphogenesis,3674
gobp_blood_vessel_morphogenesis,3678
gobp_blood_vessel_morphogenesis,3685
gobp_blood_vessel_morphogenesis,3687
gobp_blood_vessel_morphogenesis,3688
gobp_blood_vessel_morphogenesis,3690
gobp_blood_vessel_morphogenesis,3696
gobp_blood_vessel_morphogenesis,3716
gobp_blood_vessel_morphogenesis,3726
gobp_blood_vessel_morphogenesis,3728
gobp_blood_vessel_morphogenesis,374887
gobp_blood_vessel_morphogenesis,375056
gobp_blood_vessel_morphogenesis,3791
gobp_blood_vessel_morphogenesis,3848
gobp_blood_vessel_morphogenesis,387
gobp_blood_vessel_morphogenesis,388
gobp_blood_vessel_morphogenesis,3949
gobp_blood_vessel_morphogenesis,3952
gobp_blood_vessel_morphogenesis,3953
gobp_blood_vessel_morphogenesis,401498
gobp_blood_vessel_morphogenesis,4015
gobp_blood_vessel_morphogenesis,4017
gobp_blood_vessel_morphogenesis,4035
gobp_blood_vessel_morphogenesis,4036
gobp_blood_vessel_morphogenesis,4041
gobp_blood_vessel_morphogenesis,406881
gobp_blood_vessel_morphogenesis,406884
gobp_blood_vessel_morphogenesis,406888
gobp_blood_vessel_morphogenesis,406890
gobp_blood_vessel_morphogenesis,406893
gobp_blood_vessel_morphogenesis,406900
gobp_blood_vessel_morphogenesis,406902
gobp_blood_vessel_morphogenesis,406903
gobp_blood_vessel_morphogenesis,406904
gobp_blood_vessel_morphogenesis,406910
gobp_blood_vessel_morphogenesis,406911
gobp_blood_vessel_morphogenesis,406913
gobp_blood_vessel_morphogenesis,406919
gobp_blood_vessel_morphogenesis,406921
gobp_blood_vessel_morphogenesis,406928
gobp_blood_vessel_morphogenesis,406929
gobp_blood_vessel_morphogenesis,406935
gobp_blood_vessel_morphogenesis,406937
gobp_blood_vessel_morphogenesis,406938
gobp_blood_vessel_morphogenesis,406941
gobp_blood_vessel_morphogenesis,406942
gobp_blood_vessel_morphogenesis,406944
gobp_blood_vessel_morphogenesis,406948
gobp_blood_vessel_morphogenesis,406949
gobp_blood_vessel_morphogenesis,406950
gobp_blood_vessel_morphogenesis,406952
gobp_blood_vessel_morphogenesis,406953
gobp_blood_vessel_morphogenesis,406955
gobp_blood_vessel_morphogenesis,406961
gobp_blood_vessel_morphogenesis,406964
gobp_blood_vessel_morphogenesis,406968
gobp_blood_vessel_morphogenesis,406972
gobp_blood_vessel_morphogenesis,406976
gobp_blood_vessel_morphogenesis,406978
gobp_blood_vessel_morphogenesis,406979
gobp_blood_vessel_morphogenesis,406980
gobp_blood_vessel_morphogenesis,406982
gobp_blood_vessel_morphogenesis,406984
gobp_blood_vessel_morphogenesis,406985
gobp_blood_vessel_morphogenesis,406988
gobp_blood_vessel_morphogenesis,406989
gobp_blood_vessel_morphogenesis,406991
gobp_blood_vessel_morphogenesis,406992
gobp_blood_vessel_morphogenesis,406994
gobp_blood_vessel_morphogenesis,406996
gobp_blood_vessel_morphogenesis,406999
gobp_blood_vessel_morphogenesis,407004
gobp_blood_vessel_morphogenesis,407006
gobp_blood_vessel_morphogenesis,407007
gobp_blood_vessel_morphogenesis,407010
gobp_blood_vessel_morphogenesis,407012
gobp_blood_vessel_morphogenesis,407015
gobp_blood_vessel_morphogenesis,407018
gobp_blood_vessel_morphogenesis,407019
gobp_blood_vessel_morphogenesis,407021
gobp_blood_vessel_morphogenesis,407022
gobp_blood_vessel_morphogenesis,407024
gobp_blood_vessel_morphogenesis,407026
gobp_blood_vessel_morphogenesis,407029
gobp_blood_vessel_morphogenesis,407030
gobp_blood_vessel_morphogenesis,407031
gobp_blood_vessel_morphogenesis,407034
gobp_blood_vessel_morphogenesis,407035
gobp_blood_vessel_morphogenesis,407037
gobp_blood_vessel_morphogenesis,407040
gobp_blood_vessel_morphogenesis,407041
gobp_blood_vessel_morphogenesis,407042
gobp_blood_vessel_morphogenesis,407048
gobp_blood_vessel_morphogenesis,407056
gobp_blood_vessel_morphogenesis,4086
gobp_blood_vessel_morphogenesis,4092
gobp_blood_vessel_morphogenesis,4162
gobp_blood_vessel_morphogenesis,4192
gobp_blood_vessel_morphogenesis,4204
gobp_blood_vessel_morphogenesis,4211
gobp_blood_vessel_morphogenesis,4215
gobp_blood_vessel_morphogenesis,4223
gobp_blood_vessel_morphogenesis,4240
gobp_blood_vessel_morphogenesis,4303
gobp_blood_vessel_morphogenesis,4313
gobp_blood_vessel_morphogenesis,4323
gobp_blood_vessel_morphogenesis,4327
gobp_blood_vessel_morphogenesis,441478
gobp_blood_vessel_morphogenesis,442909
gobp_blood_vessel_morphogenesis,4435
gobp_blood_vessel_morphogenesis,4627
gobp_blood_vessel_morphogenesis,4638
gobp_blood_vessel_morphogenesis,4643
gobp_blood_vessel_morphogenesis,4669
gobp_blood_vessel_morphogenesis,4691
gobp_blood_vessel_morphogenesis,4693
gobp_blood_vessel_morphogenesis,4763
gobp_blood_vessel_morphogenesis,4775
gobp_blood_vessel_morphogenesis,4776
gobp_blood_vessel_morphogenesis,4780
gobp_blood_vessel_morphogenesis,4804
gobp_blood_vessel_morphogenesis,4814
gobp_blood_vessel_morphogenesis,4838
gobp_blood_vessel_morphogenesis,4846
gobp_blood_vessel_morphogenesis,4851
gobp_blood_vessel_morphogenesis,4853
gobp_blood_vessel_morphogenesis,4854
gobp_blood_vessel_morphogenesis,4855
gobp_blood_vessel_morphogenesis,4856
gobp_blood_vessel_morphogenesis,4879
gobp_blood_vessel_morphogenesis,4880
gobp_blood_vessel_morphogenesis,4881
gobp_blood_vessel_morphogenesis,4882
gobp_blood_vessel_morphogenesis,4883
gobp_blood_vessel_morphogenesis,4897
gobp_blood_vessel_morphogenesis,4915
gobp_blood_vessel_morphogenesis,493
gobp_blood_vessel_morphogenesis,494323
gobp_blood_vessel_morphogenesis,494324
gobp_blood_vessel_morphogenesis,494326
gobp_blood_vessel_morphogenesis,494327
gobp_blood_vessel_morphogenesis,494336
gobp_blood_vessel_morphogenesis,5054
gobp_blood_vessel_morphogenesis,506
gobp_blood_vessel_morphogenesis,51129
gobp_blood_vessel_morphogenesis,51162
gobp_blood_vessel_morphogenesis,51176
gobp_blood_vessel_morphogenesis,51330
gobp_blood_vessel_morphogenesis,51378
gobp_blood_vessel_morphogenesis,5140
gobp_blood_vessel_morphogenesis,51421
gobp_blood_vessel_morphogenesis,5154
gobp_blood_vessel_morphogenesis,51548
gobp_blood_vessel_morphogenesis,5156
gobp_blood_vessel_morphogenesis,51564
gobp_blood_vessel_morphogenesis,5159
gobp_blood_vessel_morphogenesis,51666
gobp_blood_vessel_morphogenesis,5170
gobp_blood_vessel_morphogenesis,51738
gobp_blood_vessel_morphogenesis,51752
gobp_blood_vessel_morphogenesis,5176
gobp_blood_vessel_morphogenesis,5196
gobp_blood_vessel_morphogenesis,5228
gobp_blood_vessel_morphogenesis,5230
gobp_blood_vessel_morphogenesis,5286
gobp_blood_vessel_morphogenesis,5290
gobp_blood_vessel_morphogenesis,5291
gobp_blood_vessel_morphogenesis,5293
gobp_blood_vessel_morphogenesis,5294
gobp_blood_vessel_morphogenesis,5311
gobp_blood_vessel_morphogenesis,5315
gobp_blood_vessel_morphogenesis,5316
gobp_blood_vessel_morphogenesis,5335
gobp_blood_vessel_morphogenesis,5345
gobp_blood_vessel_morphogenesis,5371
gobp_blood_vessel_morphogenesis,5396
gobp_blood_vessel_morphogenesis,54345
gobp_blood_vessel_morphogenesis,54361
gobp_blood_vessel_morphogenesis,54453
gobp_blood_vessel_morphogenesis,54538
gobp_blood_vessel_morphogenesis,54567
gobp_blood_vessel_morphogenesis,54583
gobp_blood_vessel_morphogenesis,5468
gobp_blood_vessel_morphogenesis,5469
gobp_blood_vessel_morphogenesis,54828
gobp_blood_vessel_morphogenesis,54922
gobp_blood_vessel_morphogenesis,55109
gobp_blood_vessel_morphogenesis,55273
gobp_blood_vessel_morphogenesis,55294
gobp_blood_vessel_morphogenesis,55333
gobp_blood_vessel_morphogenesis,5534
gobp_blood_vessel_morphogenesis,5547
gobp_blood_vessel_morphogenesis,55576
gobp_blood_vessel_morphogenesis,55636
gobp_blood_vessel_morphogenesis,55662
gobp_blood_vessel_morphogenesis,55742
gobp_blood_vessel_morphogenesis,5578
gobp_blood_vessel_morphogenesis,5579
gobp_blood_vessel_morphogenesis,55810
gobp_blood_vessel_morphogenesis,5587
gobp_blood_vessel_morphogenesis,5598
gobp_blood_vessel_morphogenesis,56005
gobp_blood_vessel_morphogenesis,5607
gobp_blood_vessel_morphogenesis,5613
gobp_blood_vessel_morphogenesis,5617
gobp_blood_vessel_morphogenesis,5629
gobp_blood_vessel_morphogenesis,56913
gobp_blood_vessel_morphogenesis,56999
gobp_blood_vessel_morphogenesis,57007
gobp_blood_vessel_morphogenesis,57057
gobp_blood_vessel_morphogenesis,57125
gobp_blood_vessel_morphogenesis,57178
gobp_blood_vessel_morphogenesis,57343
gobp_blood_vessel_morphogenesis,57381
gobp_blood_vessel_morphogenesis,5740
gobp_blood_vessel_morphogenesis,574032
gobp_blood_vessel_morphogenesis,5743
gobp_blood_vessel_morphogenesis,574408
gobp_blood_vessel_morphogenesis,574411
gobp_blood_vessel_morphogenesis,574434
gobp_blood_vessel_morphogenesis,574449
gobp_blood_vessel_morphogenesis,574452
gobp_blood_vessel_morphogenesis,574453
gobp_blood_vessel_morphogenesis,574456
gobp_blood_vessel_morphogenesis,574506
gobp_blood_vessel_morphogenesis,574508
gobp_blood_vessel_morphogenesis,5747
gobp_blood_vessel_morphogenesis,57493
gobp_blood_vessel_morphogenesis,575
gobp_blood_vessel_morphogenesis,57556
gobp_blood_vessel_morphogenesis,576
gobp_blood_vessel_morphogenesis,57608
gobp_blood_vessel_morphogenesis,57674
gobp_blood_vessel_morphogenesis,577
gobp_blood_vessel_morphogenesis,5777
gobp_blood_vessel_morphogenesis,578
gobp_blood_vessel_morphogenesis,5787
gobp_blood_vessel_morphogenesis,5795
gobp_blood_vessel_morphogenesis,5797
gobp_blood_vessel_morphogenesis,581
gobp_blood_vessel_morphogenesis,58495
gobp_blood_vessel_morphogenesis,58504
gobp_blood_vessel_morphogenesis,5906
gobp_blood_vessel_morphogenesis,5921
gobp_blood_vessel_morphogenesis,5970
gobp_blood_vessel_morphogenesis,6019
gobp_blood_vessel_morphogenesis,6050
gobp_blood_vessel_morphogenesis,60675
gobp_blood_vessel_morphogenesis,60681
gobp_blood_vessel_morphogenesis,6091
gobp_blood_vessel_morphogenesis,6093
gobp_blood_vessel_morphogenesis,6095
gobp_blood_vessel_morphogenesis,619552
gobp_blood_vessel_morphogenesis,6237
gobp_blood_vessel_morphogenesis,6271
gobp_blood_vessel_morphogenesis,6278
gobp_blood_vessel_morphogenesis,6301
gobp_blood_vessel_morphogenesis,6303
gobp_blood_vessel_morphogenesis,634
gobp_blood_vessel_morphogenesis,6347
gobp_blood_vessel_morphogenesis,6355
gobp_blood_vessel_morphogenesis,6356
gobp_blood_vessel_morphogenesis,6369
gobp_blood_vessel_morphogenesis,6376
gobp_blood_vessel_morphogenesis,639
gobp_blood_vessel_morphogenesis,63923
gobp_blood_vessel_morphogenesis,63943
gobp_blood_vessel_morphogenesis,64094
gobp_blood_vessel_morphogenesis,64102
gobp_blood_vessel_morphogenesis,641700
gobp_blood_vessel_morphogenesis,64218
gobp_blood_vessel_morphogenesis,6422
gobp_blood_vessel_morphogenesis,64220
gobp_blood_vessel_morphogenesis,6423
gobp_blood_vessel_morphogenesis,64321
gobp_blood_vessel_morphogenesis,64344
gobp_blood_vessel_morphogenesis,6444
gobp_blood_vessel_morphogenesis,6461
gobp_blood_vessel_morphogenesis,6464
gobp_blood_vessel_morphogenesis,6469
gobp_blood_vessel_morphogenesis,64783
gobp_blood_vessel_morphogenesis,64855
gobp_blood_vessel_morphogenesis,6495
gobp_blood_vessel_morphogenesis,6505
gobp_blood_vessel_morphogenesis,65125
gobp_blood_vessel_morphogenesis,652
gobp_blood_vessel_morphogenesis,6558
gobp_blood_vessel_morphogenesis,657
gobp_blood_vessel_morphogenesis,659
gobp_blood_vessel_morphogenesis,6608
gobp_blood_vessel_morphogenesis,664616
gobp_blood_vessel_morphogenesis,6654
gobp_blood_vessel_morphogenesis,6659
gobp_blood_vessel_morphogenesis,6667
gobp_blood_vessel_morphogenesis,6672
gobp_blood_vessel_morphogenesis,6678
gobp_blood_vessel_morphogenesis,672
gobp_blood_vessel_morphogenesis,6722
gobp_blood_vessel_morphogenesis,6733
gobp_blood_vessel_morphogenesis,677
gobp_blood_vessel_morphogenesis,6772
gobp_blood_vessel_morphogenesis,6774
gobp_blood_vessel_morphogenesis,6786
gobp_blood_vessel_morphogenesis,6789
gobp_blood_vessel_morphogenesis,682
gobp_blood_vessel_morphogenesis,6833
gobp_blood_vessel_morphogenesis,6850
gobp_blood_vessel_morphogenesis,688
gobp_blood_vessel_morphogenesis,6886
gobp_blood_vessel_morphogenesis,6899
gobp_blood_vessel_morphogenesis,6909
gobp_blood_vessel_morphogenesis,6910
gobp_blood_vessel_morphogenesis,6911
gobp_blood_vessel_morphogenesis,6915
gobp_blood_vessel_morphogenesis,693225
gobp_blood_vessel_morphogenesis,694
gobp_blood_vessel_morphogenesis,6943
gobp_blood_vessel_morphogenesis,6997
gobp_blood_vessel_morphogenesis,7010
gobp_blood_vessel_morphogenesis,7015
gobp_blood_vessel_morphogenesis,7021
gobp_blood_vessel_morphogenesis,7026
gobp_blood_vessel_morphogenesis,7039
gobp_blood_vessel_morphogenesis,7040
gobp_blood_vessel_morphogenesis,7042
gobp_blood_vessel_morphogenesis,7045
gobp_blood_vessel_morphogenesis,7046
gobp_blood_vessel_morphogenesis,7048
gobp_blood_vessel_morphogenesis,7049
gobp_blood_vessel_morphogenesis,7052
gobp_blood_vessel_morphogenesis,7057
gobp_blood_vessel_morphogenesis,7058
gobp_blood_vessel_morphogenesis,7060
gobp_blood_vessel_morphogenesis,7070
gobp_blood_vessel_morphogenesis,7075
gobp_blood_vessel_morphogenesis,7082
gobp_blood_vessel_morphogenesis,7098
gobp_blood_vessel_morphogenesis,71
gobp_blood_vessel_morphogenesis,7101
gobp_blood_vessel_morphogenesis,7122
gobp_blood_vessel_morphogenesis,7124
gobp_blood_vessel_morphogenesis,7127
gobp_blood_vessel_morphogenesis,7128
gobp_blood_vessel_morphogenesis,7137
gobp_blood_vessel_morphogenesis,718
gobp_blood_vessel_morphogenesis,719
gobp_blood_vessel_morphogenesis,728
gobp_blood_vessel_morphogenesis,7291
gobp_blood_vessel_morphogenesis,729230
gobp_blood_vessel_morphogenesis,7342
gobp_blood_vessel_morphogenesis,7410
gobp_blood_vessel_morphogenesis,7422
gobp_blood_vessel_morphogenesis,7423
gobp_blood_vessel_morphogenesis,7424
gobp_blood_vessel_morphogenesis,7453
gobp_blood_vessel_morphogenesis,7474
gobp_blood_vessel_morphogenesis,7476
gobp_blood_vessel_morphogenesis,7477
gobp_blood_vessel_morphogenesis,7481
gobp_blood_vessel_morphogenesis,7490
gobp_blood_vessel_morphogenesis,7494
gobp_blood_vessel_morphogenesis,7498
gobp_blood_vessel_morphogenesis,7534
gobp_blood_vessel_morphogenesis,7716
gobp_blood_vessel_morphogenesis,7837
gobp_blood_vessel_morphogenesis,7852
gobp_blood_vessel_morphogenesis,7855
gobp_blood_vessel_morphogenesis,7857
gobp_blood_vessel_morphogenesis,79031
gobp_blood_vessel_morphogenesis,79400
gobp_blood_vessel_morphogenesis,79602
gobp_blood_vessel_morphogenesis,79625
gobp_blood_vessel_morphogenesis,79733
gobp_blood_vessel_morphogenesis,79805
gobp_blood_vessel_morphogenesis,79812
gobp_blood_vessel_morphogenesis,79879
gobp_blood_vessel_morphogenesis,79924
gobp_blood_vessel_morphogenesis,800
gobp_blood_vessel_morphogenesis,80025
gobp_blood_vessel_morphogenesis,80149
gobp_blood_vessel_morphogenesis,80155
gobp_blood_vessel_morphogenesis,8038
gobp_blood_vessel_morphogenesis,80781
gobp_blood_vessel_morphogenesis,8091
gobp_blood_vessel_morphogenesis,8131
gobp_blood_vessel_morphogenesis,81575
gobp_blood_vessel_morphogenesis,820
gobp_blood_vessel_morphogenesis,8322
gobp_blood_vessel_morphogenesis,8325
gobp_blood_vessel_morphogenesis,83478
gobp_blood_vessel_morphogenesis,83605
gobp_blood_vessel_morphogenesis,83700
gobp_blood_vessel_morphogenesis,83854
gobp_blood_vessel_morphogenesis,84034
gobp_blood_vessel_morphogenesis,841
gobp_blood_vessel_morphogenesis,8434
gobp_blood_vessel_morphogenesis,84432
gobp_blood_vessel_morphogenesis,8456
gobp_blood_vessel_morphogenesis,8463
gobp_blood_vessel_morphogenesis,84700
gobp_blood_vessel_morphogenesis,84830
gobp_blood_vessel_morphogenesis,84870
gobp_blood_vessel_morphogenesis,8503
gobp_blood_vessel_morphogenesis,85301
gobp_blood_vessel_morphogenesis,857
gobp_blood_vessel_morphogenesis,861
gobp_blood_vessel_morphogenesis,8742
gobp_blood_vessel_morphogenesis,8751
gobp_blood_vessel_morphogenesis,8817
gobp_blood_vessel_morphogenesis,8823
gobp_blood_vessel_morphogenesis,8828
gobp_blood_vessel_morphogenesis,8829
gobp_blood_vessel_morphogenesis,8838
gobp_blood_vessel_morphogenesis,8862
gobp_blood_vessel_morphogenesis,8877
gobp_blood_vessel_morphogenesis,8879
gobp_blood_vessel_morphogenesis,889
gobp_blood_vessel_morphogenesis,8928
gobp_blood_vessel_morphogenesis,90
gobp_blood_vessel_morphogenesis,90139
gobp_blood_vessel_morphogenesis,9022
gobp_blood_vessel_morphogenesis,90268
gobp_blood_vessel_morphogenesis,9037
gobp_blood_vessel_morphogenesis,9047
gobp_blood_vessel_morphogenesis,90627
gobp_blood_vessel_morphogenesis,90993
gobp_blood_vessel_morphogenesis,91010
gobp_blood_vessel_morphogenesis,9146
gobp_blood_vessel_morphogenesis,92140
gobp_blood_vessel_morphogenesis,9241
gobp_blood_vessel_morphogenesis,9255
gobp_blood_vessel_morphogenesis,9270
gobp_blood_vessel_morphogenesis,9289
gobp_blood_vessel_morphogenesis,9314
gobp_blood_vessel_morphogenesis,9353
gobp_blood_vessel_morphogenesis,93649
gobp_blood_vessel_morphogenesis,9394
gobp_blood_vessel_morphogenesis,93974
gobp_blood_vessel_morphogenesis,94
gobp_blood_vessel_morphogenesis,9421
gobp_blood_vessel_morphogenesis,9444
gobp_blood_vessel_morphogenesis,9451
gobp_blood_vessel_morphogenesis,9464
gobp_blood_vessel_morphogenesis,947
gobp_blood_vessel_morphogenesis,9475
gobp_blood_vessel_morphogenesis,948
gobp_blood_vessel_morphogenesis,9496
gobp_blood_vessel_morphogenesis,9510
gobp_blood_vessel_morphogenesis,9525
gobp_blood_vessel_morphogenesis,958
gobp_blood_vessel_morphogenesis,961
gobp_blood_vessel_morphogenesis,9693
gobp_blood_vessel_morphogenesis,9723
gobp_blood_vessel_morphogenesis,9734
gobp_blood_vessel_morphogenesis,9820
gobp_blood_vessel_morphogenesis,998
gobp_blood_vessel_morphogenesis,9982
gobp_blood_vessel_morphogenesis,9990
gobp_detection_of_mechanical_stimulus,1000
gobp_detection_of_mechanical_stimulus,10343
gobp_detection_of_mechanical_stimulus,11280
gobp_detection_of_mechanical_stimulus,114780
gobp_detection_of_mechanical_stimulus,117531
gobp_detection_of_mechanical_stimulus,117532
gobp_detection_of_mechanical_stimulus,1301
gobp_detection_of_mechanical_stimulus,1499
gobp_detection_of_mechanical_stimulus,161497
gobp_detection_of_mechanical_stimulus,168507
gobp_detection_of_mechanical_stimulus,222662
gobp_detection_of_mechanical_stimulus,23349
gobp_detection_of_mechanical_stimulus,23621
gobp_detection_of_mechanical_stimulus,2534
gobp_detection_of_mechanical_stimulus,25861
gobp_detection_of_mechanical_stimulus,25963
gobp_detection_of_mechanical_stimulus,27039
gobp_detection_of_mechanical_stimulus,3249
gobp_detection_of_mechanical_stimulus,3356
gobp_detection_of_mechanical_stimulus,342372
gobp_detection_of_mechanical_stimulus,3673
gobp_detection_of_mechanical_stimulus,3728
gobp_detection_of_mechanical_stimulus,3736
gobp_detection_of_mechanical_stimulus,3784
gobp_detection_of_mechanical_stimulus,3815
gobp_detection_of_mechanical_stimulus,40
gobp_detection_of_mechanical_stimulus,4914
gobp_detection_of_mechanical_stimulus,494513
gobp_detection_of_mechanical_stimulus,50801
gobp_detection_of_mechanical_stimulus,5270
gobp_detection_of_mechanical_stimulus,5310
gobp_detection_of_mechanical_stimulus,5311
gobp_detection_of_mechanical_stimulus,55584
gobp_detection_of_mechanical_stimulus,57053
gobp_detection_of_mechanical_stimulus,5747
gobp_detection_of_mechanical_stimulus,6323
gobp_detection_of_mechanical_stimulus,6335
gobp_detection_of_mechanical_stimulus,6387
gobp_detection_of_mechanical_stimulus,63895
gobp_detection_of_mechanical_stimulus,63982
gobp_detection_of_mechanical_stimulus,7124
gobp_detection_of_mechanical_stimulus,7273
gobp_detection_of_mechanical_stimulus,7852
gobp_detection_of_mechanical_stimulus,79955
gobp_detection_of_mechanical_stimulus,8048
gobp_detection_of_mechanical_stimulus,8195
gobp_detection_of_mechanical_stimulus,83862
gobp_detection_of_mechanical_stimulus,84059
gobp_detection_of_mechanical_stimulus,8557
gobp_detection_of_mechanical_stimulus,859
gobp_detection_of_mechanical_stimulus,8989
gobp_detection_of_mechanical_stimulus,9033
gobp_detection_of_mechanical_stimulus,9311
gobp_detection_of_mechanical_stimulus,9780
gobp_endothelial_cell_proliferation,10000
gobp_endothelial_cell_proliferation,10016
gobp_endothelial_cell_proliferation,100423036
gobp_endothelial_cell_proliferation,100506013
gobp_endothelial_cell_proliferation,1012
gobp_endothelial_cell_proliferation,10344
gobp_endothelial_cell_proliferation,11061
gobp_endothelial_cell_proliferation,11235
gobp_endothelial_cell_proliferation,116844
gobp_endothelial_cell_proliferation,1232
gobp_endothelial_cell_proliferation,1285
gobp_endothelial_cell_proliferation,1295
gobp_endothelial_cell_proliferation,1296
gobp_endothelial_cell_proliferation,1621
gobp_endothelial_cell_proliferation,168667
gobp_endothelial_cell_proliferation,1739
gobp_endothelial_cell_proliferation,185
gobp_endothelial_cell_proliferation,187
gobp_endothelial_cell_proliferation,1893
gobp_endothelial_cell_proliferation,1950
gobp_endothelial_cell_proliferation,1960
gobp_endothelial_cell_proliferation,196740
gobp_endothelial_cell_proliferation,1969
gobp_endothelial_cell_proliferation,207
gobp_endothelial_cell_proliferation,2081
gobp_endothelial_cell_proliferation,2152
gobp_endothelial_cell_proliferation,2247
gobp_endothelial_cell_proliferation,2252
gobp_endothelial_cell_proliferation,2255
gobp_endothelial_cell_proliferation,2260
gobp_endothelial_cell_proliferation,2277
gobp_endothelial_cell_proliferation,22846
gobp_endothelial_cell_proliferation,2321
gobp_endothelial_cell_proliferation,23213
gobp_endothelial_cell_proliferation,2324
gobp_endothelial_cell_proliferation,23411
gobp_endothelial_cell_proliferation,240
gobp_endothelial_cell_proliferation,2523
gobp_endothelial_cell_proliferation,2524
gobp_endothelial_cell_proliferation,253260
gobp_endothelial_cell_proliferation,25865
gobp_endothelial_cell_proliferation,26051
gobp_endothelial_cell_proliferation,2624
gobp_endothelial_cell_proliferation,2658
gobp_endothelial_cell_proliferation,2693
gobp_endothelial_cell_proliferation,283
gobp_endothelial_cell_proliferation,284
gobp_endothelial_cell_proliferation,284361
gobp_endothelial_cell_proliferation,28984
gobp_endothelial_cell_proliferation,3091
gobp_endothelial_cell_proliferation,3146
gobp_endothelial_cell_proliferation,3148
gobp_endothelial_cell_proliferation,3162
gobp_endothelial_cell_proliferation,3164
gobp_endothelial_cell_proliferation,3339
gobp_endothelial_cell_proliferation,335
gobp_endothelial_cell_proliferation,3357
gobp_endothelial_cell_proliferation,348
gobp_endothelial_cell_proliferation,3481
gobp_endothelial_cell_proliferation,350
gobp_endothelial_cell_proliferation,3586
gobp_endothelial_cell_proliferation,3592
gobp_endothelial_cell_proliferation,3593
gobp_endothelial_cell_proliferation,3676
gobp_endothelial_cell_proliferation,3690
gobp_endothelial_cell_proliferation,3791
gobp_endothelial_cell_proliferation,3952
gobp_endothelial_cell_proliferation,3988
gobp_endothelial_cell_proliferation,4017
gobp_endothelial_cell_proliferation,405
gobp_endothelial_cell_proliferation,406884
gobp_endothelial_cell_proliferation,406893
gobp_endothelial_cell_proliferation,406902
gobp_endothelial_cell_proliferation,406903
gobp_endothelial_cell_proliferation,406913
gobp_endothelial_cell_proliferation,406917
gobp_endothelial_cell_proliferation,406919
gobp_endothelial_cell_proliferation,406921
gobp_endothelial_cell_proliferation,406938
gobp_endothelial_cell_proliferation,406941
gobp_endothelial_cell_proliferation,406942
gobp_endothelial_cell_proliferation,406943
gobp_endothelial_cell_proliferation,406948
gobp_endothelial_cell_proliferation,406949
gobp_endothelial_cell_proliferation,406950
gobp_endothelial_cell_proliferation,406968
gobp_endothelial_cell_proliferation,406985
gobp_endothelial_cell_proliferation,406988
gobp_endothelial_cell_proliferation,406991
gobp_endothelial_cell_proliferation,407004
gobp_endothelial_cell_proliferation,407007
gobp_endothelial_cell_proliferation,407010
gobp_endothelial_cell_proliferation,407012
gobp_endothelial_cell_proliferation,407015
gobp_endothelial_cell_proliferation,407018
gobp_endothelial_cell_proliferation,407019
gobp_endothelial_cell_proliferation,407021
gobp_endothelial_cell_proliferation,407026
gobp_endothelial_cell_proliferation,407030
gobp_endothelial_cell_proliferation,407034
gobp_endothelial_cell_proliferation,407040
gobp_endothelial_cell_proliferation,407048
gobp_endothelial_cell_proliferation,407054
gobp_endothelial_cell_proliferation,4192
gobp_endothelial_cell_proliferation,4208
gobp_endothelial_cell_proliferation,4323
gobp_endothelial_cell_proliferation,441478
gobp_endothelial_cell_proliferation,442890
gobp_endothelial_cell_proliferation,442891
gobp_endothelial_cell_proliferation,442909
gobp_endothelial_cell_proliferation,4763
gobp_endothelial_cell_proliferation,4804
gobp_endothelial_cell_proliferation,4893
gobp_endothelial_cell_proliferation,494323
gobp_endothelial_cell_proliferation,494336
gobp_endothelial_cell_proliferation,498
gobp_endothelial_cell_proliferation,51157
gobp_endothelial_cell_proliferation,51162
gobp_endothelial_cell_proliferation,51378
gobp_endothelial_cell_proliferation,51548
gobp_endothelial_cell_proliferation,5155
gobp_endothelial_cell_proliferation,5170
gobp_endothelial_cell_proliferation,51738
gobp_endothelial_cell_proliferation,5228
gobp_endothelial_cell_proliferation,5291
gobp_endothelial_cell_proliferation,5293
gobp_endothelial_cell_proliferation,5335
gobp_endothelial_cell_proliferation,5365
gobp_endothelial_cell_proliferation,54567
gobp_endothelial_cell_proliferation,5468
gobp_endothelial_cell_proliferation,55109
gobp_endothelial_cell_proliferation,55145
gobp_endothelial_cell_proliferation,55333
gobp_endothelial_cell_proliferation,55334
gobp_endothelial_cell_proliferation,5578
gobp_endothelial_cell_proliferation,5587
gobp_endothelial_cell_proliferation,56005
gobp_endothelial_cell_proliferation,5613
gobp_endothelial_cell_proliferation,5617
gobp_endothelial_cell_proliferation,5629
gobp_endothelial_cell_proliferation,574032
gobp_endothelial_cell_proliferation,574408
gobp_endothelial_cell_proliferation,574434
gobp_endothelial_cell_proliferation,574449
gobp_endothelial_cell_proliferation,574452
gobp_endothelial_cell_proliferation,574453
gobp_endothelial_cell_proliferation,574456
gobp_endothelial_cell_proliferation,574501
gobp_endothelial_cell_proliferation,574506
gobp_endothelial_cell_proliferation,57521
gobp_endothelial_cell_proliferation,57608
gobp_endothelial_cell_proliferation,57804
gobp_endothelial_cell_proliferation,5797
gobp_endothelial_cell_proliferation,60675
gobp_endothelial_cell_proliferation,619552
gobp_endothelial_cell_proliferation,6347
gobp_endothelial_cell_proliferation,6356
gobp_endothelial_cell_proliferation,6369
gobp_endothelial_cell_proliferation,6387
gobp_endothelial_cell_proliferation,64102
gobp_endothelial_cell_proliferation,652
gobp_endothelial_cell_proliferation,654
gobp_endothelial_cell_proliferation,659
gobp_endothelial_cell_proliferation,664616
gobp_endothelial_cell_proliferation,6667
gobp_endothelial_cell_proliferation,6678
gobp_endothelial_cell_proliferation,6772
gobp_endothelial_cell_proliferation,6774
gobp_endothelial_cell_proliferation,6776
gobp_endothelial_cell_proliferation,6868
gobp_endothelial_cell_proliferation,7010
gobp_endothelial_cell_proliferation,7026
gobp_endothelial_cell_proliferation,7046
gobp_endothelial_cell_proliferation,7057
gobp_endothelial_cell_proliferation,7060
gobp_endothelial_cell_proliferation,7075
gobp_endothelial_cell_proliferation,7124
gobp_endothelial_cell_proliferation,7422
gobp_endothelial_cell_proliferation,7423
gobp_endothelial_cell_proliferation,7424
gobp_endothelial_cell_proliferation,7474
gobp_endothelial_cell_proliferation,7498
gobp_endothelial_cell_proliferation,7857
gobp_endothelial_cell_proliferation,79031
gobp_endothelial_cell_proliferation,79400
gobp_endothelial_cell_proliferation,79805
gobp_endothelial_cell_proliferation,79812
gobp_endothelial_cell_proliferation,84432
gobp_endothelial_cell_proliferation,84913
gobp_endothelial_cell_proliferation,857
gobp_endothelial_cell_proliferation,858
gobp_endothelial_cell_proliferation,8742
gobp_endothelial_cell_proliferation,8817
gobp_endothelial_cell_proliferation,8823
gobp_endothelial_cell_proliferation,8828
gobp_endothelial_cell_proliferation,8829
gobp_endothelial_cell_proliferation,8854
gobp_endothelial_cell_proliferation,8862
gobp_endothelial_cell_proliferation,889
gobp_endothelial_cell_proliferation,9037
gobp_endothelial_cell_proliferation,9255
gobp_endothelial_cell_proliferation,9270
gobp_endothelial_cell_proliferation,93974
gobp_endothelial_cell_proliferation,94
gobp_endothelial_cell_proliferation,947
gobp_endothelial_cell_proliferation,949
gobp_endothelial_cell_proliferation,9839
gobp_endothelial_cell_proliferation,9982
gobp_establishment_of_blood_brain_barrier,1365
gobp_establishment_of_blood_brain_barrier,1499
gobp_establishment_of_blood_brain_barrier,25960
gobp_establishment_of_blood_brain_barrier,4041
gobp_establishment_of_blood_brain_barrier,4693
gobp_establishment_of_blood_brain_barrier,50943
gobp_establishment_of_blood_brain_barrier,51599
gobp_establishment_of_blood_brain_barrier,54587
gobp_establishment_of_blood_brain_barrier,669
gobp_establishment_of_blood_brain_barrier,7274
gobp_establishment_of_blood_brain_barrier,7442
gobp_establishment_of_blood_brain_barrier,7476
gobp_establishment_of_blood_brain_barrier,8322
gobp_establishment_of_blood_brain_barrier,8434
gobp_establishment_of_blood_brain_barrier,84879
gobp_establishment_of_blood_brain_barrier,9525
gobp_establishment_of_endothelial_barrier,1003
gobp_establishment_of_endothelial_barrier,10411
gobp_establishment_of_endothelial_barrier,10855
gobp_establishment_of_endothelial_barrier,118
gobp_establishment_of_endothelial_barrier,1365
gobp_establishment_of_endothelial_barrier,153562
gobp_establishment_of_endothelial_barrier,1903
gobp_establishment_of_endothelial_barrier,1909
gobp_establishment_of_endothelial_barrier,1910
gobp_establishment_of_endothelial_barrier,2150
gobp_establishment_of_endothelial_barrier,2194
gobp_establishment_of_endothelial_barrier,23236
gobp_establishment_of_endothelial_barrier,26051
gobp_establishment_of_endothelial_barrier,27134
gobp_establishment_of_endothelial_barrier,2889
gobp_establishment_of_endothelial_barrier,3383
gobp_establishment_of_endothelial_barrier,340481
gobp_establishment_of_endothelial_barrier,3551
gobp_establishment_of_endothelial_barrier,3553
gobp_establishment_of_endothelial_barrier,4301
gobp_establishment_of_endothelial_barrier,4478
gobp_establishment_of_endothelial_barrier,4615
gobp_establishment_of_endothelial_barrier,4659
gobp_establishment_of_endothelial_barrier,50848
gobp_establishment_of_endothelial_barrier,50943
gobp_establishment_of_endothelial_barrier,5138
gobp_establishment_of_endothelial_barrier,5144
gobp_establishment_of_endothelial_barrier,51735
gobp_establishment_of_endothelial_barrier,5175
gobp_establishment_of_endothelial_barrier,54345
gobp_establishment_of_endothelial_barrier,54538
gobp_establishment_of_endothelial_barrier,5624
gobp_establishment_of_endothelial_barrier,57826
gobp_establishment_of_endothelial_barrier,5802
gobp_establishment_of_endothelial_barrier,5861
gobp_establishment_of_endothelial_barrier,5906
gobp_establishment_of_endothelial_barrier,5908
gobp_establishment_of_endothelial_barrier,5912
gobp_establishment_of_endothelial_barrier,5962
gobp_establishment_of_endothelial_barrier,6093
gobp_establishment_of_endothelial_barrier,7082
gobp_establishment_of_endothelial_barrier,7122
gobp_establishment_of_endothelial_barrier,7124
gobp_establishment_of_endothelial_barrier,7132
gobp_establishment_of_endothelial_barrier,7414
gobp_establishment_of_endothelial_barrier,7422
gobp_establishment_of_endothelial_barrier,7430
gobp_establishment_of_endothelial_barrier,81876
gobp_establishment_of_endothelial_barrier,9076
gobp_establishment_of_endothelial_barrier,91663
gobp_establishment_of_endothelial_barrier,9294
gobp_establishment_of_endothelial_barrier,9414
gobp_establishment_of_endothelial_barrier,9475
gobp_establishment_of_endothelial_barrier,9693
gobp_establishment_of_endothelial_intestinal_barrier,2194
gobp_establishment_of_endothelial_intestinal_barrier,27134
gobp_establishment_of_endothelial_intestinal_barrier,4301
gobp_establishment_of_endothelial_intestinal_barrier,4615
gobp_establishment_of_endothelial_intestinal_barrier,50848
gobp_establishment_of_endothelial_intestinal_barrier,51735
gobp_establishment_of_endothelial_intestinal_barrier,57826
gobp_establishment_of_endothelial_intestinal_barrier,5802
gobp_establishment_of_endothelial_intestinal_barrier,5861
gobp_establishment_of_endothelial_intestinal_barrier,5912
gobp_establishment_of_endothelial_intestinal_barrier,7082
gobp_establishment_of_endothelial_intestinal_barrier,81876
gobp_establishment_of_endothelial_intestinal_barrier,9076
gobp_establishment_of_endothelial_intestinal_barrier,9414
gobp_establishment_of_endothelial_intestinal_barrier,9693
gobp_regulation_of_blood_brain_barrier_permeability,100506658
gobp_regulation_of_blood_brain_barrier_permeability,27134
gobp_regulation_of_blood_brain_barrier_permeability,284
gobp_regulation_of_blood_brain_barrier_permeability,6456
gobp_regulation_of_blood_brain_barrier_permeability,6833
gobp_regulation_of_blood_brain_barrier_permeability,7082
gobp_regulation_of_blood_brain_barrier_permeability,7422
gobp_regulation_of_blood_brain_barrier_permeability,9414
gobp_regulation_of_blood_brain_barrier_permeability,9839
gobp_regulation_of_cell_activation,100
gobp_regulation_of_cell_activation,100133941
gobp_regulation_of_cell_activation,10019
gobp_regulation_of_cell_activation,10039
gobp_regulation_of_cell_activation,100507436
gobp_regulation_of_cell_activation,100528032
gobp_regulation_of_cell_activation,10062
gobp_regulation_of_cell_activation,10077
gobp_regulation_of_cell_activation,101
gobp_regulation_of_cell_activation,10125
gobp_regulation_of_cell_activation,10148
gobp_regulation_of_cell_activation,10193
gobp_regulation_of_cell_activation,1026
gobp_regulation_of_cell_activation,10288
gobp_regulation_of_cell_activation,10326
gobp_regulation_of_cell_activation,10333
gobp_regulation_of_cell_activation,10385
gobp_regulation_of_cell_activation,10451
gobp_regulation_of_cell_activation,10457
gobp_regulation_of_cell_activation,10459
gobp_regulation_of_cell_activation,10461
gobp_regulation_of_cell_activation,10464
gobp_regulation_of_cell_activation,1050
gobp_regulation_of_cell_activation,1051
gobp_regulation_of_cell_activation,10524
gobp_regulation_of_cell_activation,10538
gobp_regulation_of_cell_activation,10630
gobp_regulation_of_cell_activation,10666
gobp_regulation_of_cell_activation,10673
gobp_regulation_of_cell_activation,1075
gobp_regulation_of_cell_activation,10808
gobp_regulation_of_cell_activation,10859
gobp_regulation_of_cell_activation,10875
gobp_regulation_of_cell_activation,10892
gobp_regulation_of_cell_activation,11005
gobp_regulation_of_cell_activation,11006
gobp_regulation_of_cell_activation,11027
gobp_regulation_of_cell_activation,11035
gobp_regulation_of_cell_activation,11117
gobp_regulation_of_cell_activation,11126
gobp_regulation_of_cell_activation,11146
gobp_regulation_of_cell_activation,11148
gobp_regulation_of_cell_activation,11151
gobp_regulation_of_cell_activation,11221
gobp_regulation_of_cell_activation,112441434
gobp_regulation_of_cell_activation,11277
gobp_regulation_of_cell_activation,11314
gobp_regulation_of_cell_activation,11326
gobp_regulation_of_cell_activation,1141
gobp_regulation_of_cell_activation,114548
gobp_regulation_of_cell_activation,114609
gobp_regulation_of_cell_activation,114757
gobp_regulation_of_cell_activation,114770
gobp_regulation_of_cell_activation,114771
gobp_regulation_of_cell_activation,114897
gobp_regulation_of_cell_activation,115004
gobp_regulation_of_cell_activation,115352
gobp_regulation_of_cell_activation,115650
gobp_regulation_of_cell_activation,116449
gobp_regulation_of_cell_activation,1178
gobp_regulation_of_cell_activation,118460
gobp_regulation_of_cell_activation,120892
gobp_regulation_of_cell_activation,1209
gobp_regulation_of_cell_activation,121260
gobp_regulation_of_cell_activation,1236
gobp_regulation_of_cell_activation,124912
gobp_regulation_of_cell_activation,126259
gobp_regulation_of_cell_activation,1268
gobp_regulation_of_cell_activation,1269
gobp_regulation_of_cell_activation,1326
gobp_regulation_of_cell_activation,133396
gobp_regulation_of_cell_activation,135
gobp_regulation_of_cell_activation,1378
gobp_regulation_of_cell_activation,140685
gobp_regulation_of_cell_activation,140885
gobp_regulation_of_cell_activation,1445
gobp_regulation_of_cell_activation,145581
gobp_regulation_of_cell_activation,146722
gobp_regulation_of_cell_activation,146850
gobp_regulation_of_cell_activation,148022
gobp_regulation_of_cell_activation,149041
gobp_regulation_of_cell_activation,149233
gobp_regulation_of_cell_activation,1493
gobp_regulation_of_cell_activation,149840
gobp_regulation_of_cell_activation,1499
gobp_regulation_of_cell_activation,150372
gobp_regulation_of_cell_activation,1511
gobp_regulation_of_cell_activation,1540
gobp_regulation_of_cell_activation,160365
gobp_regulation_of_cell_activation,1604
gobp_regulation_of_cell_activation,170692
gobp_regulation_of_cell_activation,1725
gobp_regulation_of_cell_activation,1739
gobp_regulation_of_cell_activation,177
gobp_regulation_of_cell_activation,1803
gobp_regulation_of_cell_activation,1840
gobp_regulation_of_cell_activation,1845
gobp_regulation_of_cell_activation,1880
gobp_regulation_of_cell_activation,1947
gobp_regulation_of_cell_activation,1948
gobp_regulation_of_cell_activation,1949
gobp_regulation_of_cell_activation,196
gobp_regulation_of_cell_activation,1960
gobp_regulation_of_cell_activation,196528
gobp_regulation_of_cell_activation,199
gobp_regulation_of_cell_activation,200558
gobp_regulation_of_cell_activation,201633
gobp_regulation_of_cell_activation,2033
gobp_regulation_of_cell_activation,2048
gobp_regulation_of_cell_activation,2056
gobp_regulation_of_cell_activation,2064
gobp_regulation_of_cell_activation,207
gobp_regulation_of_cell_activation,2147
gobp_regulation_of_cell_activation,2175
gobp_regulation_of_cell_activation,2177
gobp_regulation_of_cell_activation,219770
gobp_regulation_of_cell_activation,2207
gobp_regulation_of_cell_activation,2213
gobp_regulation_of_cell_activation,221395
gobp_regulation_of_cell_activation,2214
gobp_regulation_of_cell_activation,2241
gobp_regulation_of_cell_activation,2255
gobp_regulation_of_cell_activation,2267
gobp_regulation_of_cell_activation,2268
gobp_regulation_of_cell_activation,22806
gobp_regulation_of_cell_activation,22890
gobp_regulation_of_cell_activation,22914
gobp_regulation_of_cell_activation,22915
gobp_regulation_of_cell_activation,22976
gobp_regulation_of_cell_activation,2302
gobp_regulation_of_cell_activation,2309
gobp_regulation_of_cell_activation,23149
gobp_regulation_of_cell_activation,2316
gobp_regulation_of_cell_activation,2319
gobp_regulation_of_cell_activation,23208
gobp_regulation_of_cell_activation,23240
gobp_regulation_of_cell_activation,23308
gobp_regulation_of_cell_activation,2335
gobp_regulation_of_cell_activation,23376
gobp_regulation_of_cell_activation,23476
gobp_regulation_of_cell_activation,23495
gobp_regulation_of_cell_activation,23513
gobp_regulation_of_cell_activation,23529
gobp_regulation_of_cell_activation,23729
gobp_regulation_of_cell_activation,239
gobp_regulation_of_cell_activation,246778
gobp_regulation_of_cell_activation,2475
gobp_regulation_of_cell_activation,25
gobp_regulation_of_cell_activation,2534
gobp_regulation_of_cell_activation,2547
gobp_regulation_of_cell_activation,257101
gobp_regulation_of_cell_activation,25793
gobp_regulation_of_cell_activation,25807
gobp_regulation_of_cell_activation,259307
gobp_regulation_of_cell_activation,2615
gobp_regulation_of_cell_activation,26191
gobp_regulation_of_cell_activation,2621
gobp_regulation_of_cell_activation,26228
gobp_regulation_of_cell_activation,2625
gobp_regulation_of_cell_activation,26258
gobp_regulation_of_cell_activation,26276
gobp_regulation_of_cell_activation,26279
gobp_regulation_of_cell_activation,2648
gobp_regulation_of_cell_activation,26762
gobp_regulation_of_cell_activation,27
gobp_regulation_of_cell_activation,27040
gobp_regulation_of_cell_activation,27166
gobp_regulation_of_cell_activation,27177
gobp_regulation_of_cell_activation,27240
gobp_regulation_of_cell_activation,27242
gobp_regulation_of_cell_activation,2729
gobp_regulation_of_cell_activation,27342
gobp_regulation_of_cell_activation,2736
gobp_regulation_of_cell_activation,2737
gobp_regulation_of_cell_activation,2776
gobp_regulation_of_cell_activation,2811
gobp_regulation_of_cell_activation,2812
gobp_regulation_of_cell_activation,2814
gobp_regulation_of_cell_activation,2815
gobp_regulation_of_cell_activation,282618
gobp_regulation_of_cell_activation,283234
gobp_regulation_of_cell_activation,284021
gobp_regulation_of_cell_activation,284194
gobp_regulation_of_cell_activation,284467
gobp_regulation_of_cell_activation,2852
gobp_regulation_of_cell_activation,2896
gobp_regulation_of_cell_activation,29102
gobp_regulation_of_cell_activation,29108
gobp_regulation_of_cell_activation,29117
gobp_regulation_of_cell_activation,29126
gobp_regulation_of_cell_activation,29851
gobp_regulation_of_cell_activation,30009
gobp_regulation_of_cell_activation,30011
gobp_regulation_of_cell_activation,301
gobp_regulation_of_cell_activation,3071
gobp_regulation_of_cell_activation,3077
gobp_regulation_of_cell_activation,30814
gobp_regulation_of_cell_activation,30835
gobp_regulation_of_cell_activation,3105
gobp_regulation_of_cell_activation,3108
gobp_regulation_of_cell_activation,3109
gobp_regulation_of_cell_activation,3111
gobp_regulation_of_cell_activation,3112
gobp_regulation_of_cell_activation,3113
gobp_regulation_of_cell_activation,3115
gobp_regulation_of_cell_activation,3117
gobp_regulation_of_cell_activation,3118
gobp_regulation_of_cell_activation,3119
gobp_regulation_of_cell_activation,3120
gobp_regulation_of_cell_activation,3122
gobp_regulation_of_cell_activation,3123
gobp_regulation_of_cell_activation,3125
gobp_regulation_of_cell_activation,3126
gobp_regulation_of_cell_activation,3127
gobp_regulation_of_cell_activation,3133
gobp_regulation_of_cell_activation,3135
gobp_regulation_of_cell_activation,3142
gobp_regulation_of_cell_activation,3146
gobp_regulation_of_cell_activation,3273
gobp_regulation_of_cell_activation,3280
gobp_regulation_of_cell_activation,3329
gobp_regulation_of_cell_activation,3356
gobp_regulation_of_cell_activation,338339
gobp_regulation_of_cell_activation,339390
gobp_regulation_of_cell_activation,3398
gobp_regulation_of_cell_activation,3440
gobp_regulation_of_cell_activation,3456
gobp_regulation_of_cell_activation,345611
gobp_regulation_of_cell_activation,3458
gobp_regulation_of_cell_activation,3479
gobp_regulation_of_cell_activation,348
gobp_regulation_of_cell_activation,3481
gobp_regulation_of_cell_activation,3485
gobp_regulation_of_cell_activation,353514
gobp_regulation_of_cell_activation,3549
gobp_regulation_of_cell_activation,3552
gobp_regulation_of_cell_activation,3553
gobp_regulation_of_cell_activation,3558
gobp_regulation_of_cell_activation,3559
gobp_regulation_of_cell_activation,3561
gobp_regulation_of_cell_activation,3565
gobp_regulation_of_cell_activation,3566
gobp_regulation_of_cell_activation,3567
gobp_regulation_of_cell_activation,3569
gobp_regulation_of_cell_activation,3572
gobp_regulation_of_cell_activation,3574
gobp_regulation_of_cell_activation,3575
gobp_regulation_of_cell_activation,3586
gobp_regulation_of_cell_activation,3592
gobp_regulation_of_cell_activation,3593
gobp_regulation_of_cell_activation,3594
gobp_regulation_of_cell_activation,3596
gobp_regulation_of_cell_activation,3600
gobp_regulation_of_cell_activation,3601
gobp_regulation_of_cell_activation,3604
gobp_regulation_of_cell_activation,3606
gobp_regulation_of_cell_activation,3620
gobp_regulation_of_cell_activation,3623
gobp_regulation_of_cell_activation,3624
gobp_regulation_of_cell_activation,3635
gobp_regulation_of_cell_activation,3659
gobp_regulation_of_cell_activation,3662
gobp_regulation_of_cell_activation,3707
gobp_regulation_of_cell_activation,3717
gobp_regulation_of_cell_activation,3718
gobp_regulation_of_cell_activation,3726
gobp_regulation_of_cell_activation,3735
gobp_regulation_of_cell_activation,374403
gobp_regulation_of_cell_activation,375033
gobp_regulation_of_cell_activation,3821
gobp_regulation_of_cell_activation,3822
gobp_regulation_of_cell_activation,3823
gobp_regulation_of_cell_activation,3824
gobp_regulation_of_cell_activation,383
gobp_regulation_of_cell_activation,384
gobp_regulation_of_cell_activation,387
gobp_regulation_of_cell_activation,387597
gobp_regulation_of_cell_activation,388552
gobp_regulation_of_cell_activation,388931
gobp_regulation_of_cell_activation,3902
gobp_regulation_of_cell_activation,3929
gobp_regulation_of_cell_activation,3932
gobp_regulation_of_cell_activation,3949
gobp_regulation_of_cell_activation,3952
gobp_regulation_of_cell_activation,3956
gobp_regulation_of_cell_activation,3958
gobp_regulation_of_cell_activation,3965
gobp_regulation_of_cell_activation,399
gobp_regulation_of_cell_activation,399687
gobp_regulation_of_cell_activation,4004
gobp_regulation_of_cell_activation,403313
gobp_regulation_of_cell_activation,4067
gobp_regulation_of_cell_activation,406910
gobp_regulation_of_cell_activation,406915
gobp_regulation_of_cell_activation,406919
gobp_regulation_of_cell_activation,406934
gobp_regulation_of_cell_activation,406937
gobp_regulation_of_cell_activation,406955
gobp_regulation_of_cell_activation,406957
gobp_regulation_of_cell_activation,406961
gobp_regulation_of_cell_activation,406991
gobp_regulation_of_cell_activation,407018
gobp_regulation_of_cell_activation,407030
gobp_regulation_of_cell_activation,407048
gobp_regulation_of_cell_activation,407975
gobp_regulation_of_cell_activation,4092
gobp_regulation_of_cell_activation,4179
gobp_regulation_of_cell_activation,4192
gobp_regulation_of_cell_activation,4208
gobp_regulation_of_cell_activation,4254
gobp_regulation_of_cell_activation,4282
gobp_regulation_of_cell_activation,4292
gobp_regulation_of_cell_activation,430
gobp_regulation_of_cell_activation,4317
gobp_regulation_of_cell_activation,4323
gobp_regulation_of_cell_activation,4332
gobp_regulation_of_cell_activation,4345
gobp_regulation_of_cell_activation,4352
gobp_regulation_of_cell_activation,441478
gobp_regulation_of_cell_activation,441864
gobp_regulation_of_cell_activation,4436
gobp_regulation_of_cell_activation,4602
gobp_regulation_of_cell_activation,4615
gobp_regulation_of_cell_activation,4690
gobp_regulation_of_cell_activation,472
gobp_regulation_of_cell_activation,4739
gobp_regulation_of_cell_activation,4773
gobp_regulation_of_cell_activation,4846
gobp_regulation_of_cell_activation,4860
gobp_regulation_of_cell_activation,4921
gobp_regulation_of_cell_activation,4976
gobp_regulation_of_cell_activation,5074
gobp_regulation_of_cell_activation,50848
gobp_regulation_of_cell_activation,50943
gobp_regulation_of_cell_activation,51010
gobp_regulation_of_cell_activation,51043
gobp_regulation_of_cell_activation,5105
gobp_regulation_of_cell_activation,51063
gobp_regulation_of_cell_activation,51083
gobp_regulation_of_cell_activation,51111
gobp_regulation_of_cell_activation,51176
gobp_regulation_of_cell_activation,51206
gobp_regulation_of_cell_activation,51237
gobp_regulation_of_cell_activation,51293
gobp_regulation_of_cell_activation,5133
gobp_regulation_of_cell_activation,51412
gobp_regulation_of_cell_activation,5154
gobp_regulation_of_cell_activation,5155
gobp_regulation_of_cell_activation,5156
gobp_regulation_of_cell_activation,51561
gobp_regulation_of_cell_activation,51571
gobp_regulation_of_cell_activation,5169
gobp_regulation_of_cell_activation,5170
gobp_regulation_of_cell_activation,5270
gobp_regulation_of_cell_activation,5290
gobp_regulation_of_cell_activation,5320
gobp_regulation_of_cell_activation,5321
gobp_regulation_of_cell_activation,5322
gobp_regulation_of_cell_activation,5341
gobp_regulation_of_cell_activation,5359
gobp_regulation_of_cell_activation,53833
gobp_regulation_of_cell_activation,5395
gobp_regulation_of_cell_activation,54106
gobp_regulation_of_cell_activation,54209
gobp_regulation_of_cell_activation,54440
gobp_regulation_of_cell_activation,54537
gobp_regulation_of_cell_activation,54542
gobp_regulation_of_cell_activation,54900
gobp_regulation_of_cell_activation,55012
gobp_regulation_of_cell_activation,55013
gobp_regulation_of_cell_activation,55024
gobp_regulation_of_cell_activation,55122
gobp_regulation_of_cell_activation,55183
gobp_regulation_of_cell_activation,55193
gobp_regulation_of_cell_activation,55274
gobp_regulation_of_cell_activation,5530
gobp_regulation_of_cell_activation,55423
gobp_regulation_of_cell_activation,55626
gobp_regulation_of_cell_activation,5573
gobp_regulation_of_cell_activation,5578
gobp_regulation_of_cell_activation,55795
gobp_regulation_of_cell_activation,558
gobp_regulation_of_cell_activation,5580
gobp_regulation_of_cell_activation,55824
gobp_regulation_of_cell_activation,5585
gobp_regulation_of_cell_activation,5588
gobp_regulation_of_cell_activation,5590
gobp_regulation_of_cell_activation,5591
gobp_regulation_of_cell_activation,5592
gobp_regulation_of_cell_activation,5618
gobp_regulation_of_cell_activation,5621
gobp_regulation_of_cell_activation,56253
gobp_regulation_of_cell_activation,56339
gobp_regulation_of_cell_activation,56603
gobp_regulation_of_cell_activation,567
gobp_regulation_of_cell_activation,5678
gobp_regulation_of_cell_activation,56833
gobp_regulation_of_cell_activation,56848
gobp_regulation_of_cell_activation,56940
gobp_regulation_of_cell_activation,56941
gobp_regulation_of_cell_activation,57045
gobp_regulation_of_cell_activation,57162
gobp_regulation_of_cell_activation,57178
gobp_regulation_of_cell_activation,57181
gobp_regulation_of_cell_activation,572
gobp_regulation_of_cell_activation,57492
gobp_regulation_of_cell_activation,57630
gobp_regulation_of_cell_activation,57678
gobp_regulation_of_cell_activation,5771
gobp_regulation_of_cell_activation,5777
gobp_regulation_of_cell_activation,5781
gobp_regulation_of_cell_activation,57817
gobp_regulation_of_cell_activation,57829
gobp_regulation_of_cell_activation,57864
gobp_regulation_of_cell_activation,5788
gobp_regulation_of_cell_activation,5795
gobp_regulation_of_cell_activation,5819
gobp_regulation_of_cell_activation,58515
gobp_regulation_of_cell_activation,5880
gobp_regulation_of_cell_activation,5896
gobp_regulation_of_cell_activation,5897
gobp_regulation_of_cell_activation,59
gobp_regulation_of_cell_activation,59067
gobp_regulation_of_cell_activation,5914
gobp_regulation_of_cell_activation,596
gobp_regulation_of_cell_activation,60
gobp_regulation_of_cell_activation,604
gobp_regulation_of_cell_activation,6046
gobp_regulation_of_cell_activation,6095
gobp_regulation_of_cell_activation,6188
gobp_regulation_of_cell_activation,6195
gobp_regulation_of_cell_activation,63036
gobp_regulation_of_cell_activation,634
gobp_regulation_of_cell_activation,6347
gobp_regulation_of_cell_activation,6348
gobp_regulation_of_cell_activation,6352
gobp_regulation_of_cell_activation,6363
gobp_regulation_of_cell_activation,6366
gobp_regulation_of_cell_activation,637
gobp_regulation_of_cell_activation,6375
gobp_regulation_of_cell_activation,6385
gobp_regulation_of_cell_activation,639
gobp_regulation_of_cell_activation,63925
gobp_regulation_of_cell_activation,6403
gobp_regulation_of_cell_activation,64092
gobp_regulation_of_cell_activation,64109
gobp_regulation_of_cell_activation,64115
gobp_regulation_of_cell_activation,64127
gobp_regulation_of_cell_activation,6422
gobp_regulation_of_cell_activation,64332
gobp_regulation_of_cell_activation,6441
gobp_regulation_of_cell_activation,64410
gobp_regulation_of_cell_activation,64581
gobp_regulation_of_cell_activation,64600
gobp_regulation_of_cell_activation,6461
gobp_regulation_of_cell_activation,6469
gobp_regulation_of_cell_activation,648
gobp_regulation_of_cell_activation,64844
gobp_regulation_of_cell_activation,64926
gobp_regulation_of_cell_activation,6504
gobp_regulation_of_cell_activation,652
gobp_regulation_of_cell_activation,6522
gobp_regulation_of_cell_activation,6541
gobp_regulation_of_cell_activation,654346
gobp_regulation_of_cell_activation,6595
gobp_regulation_of_cell_activation,6597
gobp_regulation_of_cell_activation,6598
gobp_regulation_of_cell_activation,6599
gobp_regulation_of_cell_activation,65991
gobp_regulation_of_cell_activation,65992
gobp_regulation_of_cell_activation,6601
gobp_regulation_of_cell_activation,6602
gobp_regulation_of_cell_activation,6603
gobp_regulation_of_cell_activation,6604
gobp_regulation_of_cell_activation,6605
gobp_regulation_of_cell_activation,6622
gobp_regulation_of_cell_activation,6647
gobp_regulation_of_cell_activation,6654
gobp_regulation_of_cell_activation,6655
gobp_regulation_of_cell_activation,6659
gobp_regulation_of_cell_activation,6664
gobp_regulation_of_cell_activation,6665
gobp_regulation_of_cell_activation,6666
gobp_regulation_of_cell_activation,6688
gobp_regulation_of_cell_activation,6693
gobp_regulation_of_cell_activation,6708
gobp_regulation_of_cell_activation,671
gobp_regulation_of_cell_activation,6714
gobp_regulation_of_cell_activation,673
gobp_regulation_of_cell_activation,677
gobp_regulation_of_cell_activation,6777
gobp_regulation_of_cell_activation,6778
gobp_regulation_of_cell_activation,678
gobp_regulation_of_cell_activation,683
gobp_regulation_of_cell_activation,6830
gobp_regulation_of_cell_activation,6850
gobp_regulation_of_cell_activation,6869
gobp_regulation_of_cell_activation,6932
gobp_regulation_of_cell_activation,6935
gobp_regulation_of_cell_activation,695
gobp_regulation_of_cell_activation,7001
gobp_regulation_of_cell_activation,7006
gobp_regulation_of_cell_activation,100124696
gobp_regulation_of_cell_activation,7037
gobp_regulation_of_cell_activation,7040
gobp_regulation_of_cell_activation,7048
gobp_regulation_of_cell_activation,7056
gobp_regulation_of_cell_activation,7057
gobp_regulation_of_cell_activation,7070
gobp_regulation_of_cell_activation,7099
gobp_regulation_of_cell_activation,7107
gobp_regulation_of_cell_activation,7124
gobp_regulation_of_cell_activation,7128
gobp_regulation_of_cell_activation,7133
gobp_regulation_of_cell_activation,7158
gobp_regulation_of_cell_activation,7189
gobp_regulation_of_cell_activation,7292
gobp_regulation_of_cell_activation,729230
gobp_regulation_of_cell_activation,7293
gobp_regulation_of_cell_activation,7297
gobp_regulation_of_cell_activation,7301
gobp_regulation_of_cell_activation,7305
gobp_regulation_of_cell_activation,7356
gobp_regulation_of_cell_activation,7409
gobp_regulation_of_cell_activation,7412
gobp_regulation_of_cell_activation,7468
gobp_regulation_of_cell_activation,7474
gobp_regulation_of_cell_activation,7480
gobp_regulation_of_cell_activation,7494
gobp_regulation_of_cell_activation,7525
gobp_regulation_of_cell_activation,7535
gobp_regulation_of_cell_activation,7704
gobp_regulation_of_cell_activation,7784
gobp_regulation_of_cell_activation,7805
gobp_regulation_of_cell_activation,79155
gobp_regulation_of_cell_activation,7940
gobp_regulation_of_cell_activation,79576
gobp_regulation_of_cell_activation,79626
gobp_regulation_of_cell_activation,79679
gobp_regulation_of_cell_activation,79915
gobp_regulation_of_cell_activation,79987
gobp_regulation_of_cell_activation,8013
gobp_regulation_of_cell_activation,80149
gobp_regulation_of_cell_activation,80380
gobp_regulation_of_cell_activation,80381
gobp_regulation_of_cell_activation,80762
gobp_regulation_of_cell_activation,814
gobp_regulation_of_cell_activation,81542
gobp_regulation_of_cell_activation,81545
gobp_regulation_of_cell_activation,81704
gobp_regulation_of_cell_activation,825
gobp_regulation_of_cell_activation,8289
gobp_regulation_of_cell_activation,83593
gobp_regulation_of_cell_activation,836
gobp_regulation_of_cell_activation,83737
gobp_regulation_of_cell_activation,8379
gobp_regulation_of_cell_activation,8399
gobp_regulation_of_cell_activation,84034
gobp_regulation_of_cell_activation,8440
gobp_regulation_of_cell_activation,84433
gobp_regulation_of_cell_activation,84524
gobp_regulation_of_cell_activation,8456
gobp_regulation_of_cell_activation,84630
gobp_regulation_of_cell_activation,84695
gobp_regulation_of_cell_activation,84787
gobp_regulation_of_cell_activation,84807
gobp_regulation_of_cell_activation,84868
gobp_regulation_of_cell_activation,84959
gobp_regulation_of_cell_activation,8530
gobp_regulation_of_cell_activation,8543
gobp_regulation_of_cell_activation,8546
gobp_regulation_of_cell_activation,85480
gobp_regulation_of_cell_activation,857
gobp_regulation_of_cell_activation,86
gobp_regulation_of_cell_activation,8600
gobp_regulation_of_cell_activation,861
gobp_regulation_of_cell_activation,864
gobp_regulation_of_cell_activation,865
gobp_regulation_of_cell_activation,8651
gobp_regulation_of_cell_activation,8654
gobp_regulation_of_cell_activation,8660
gobp_regulation_of_cell_activation,868
gobp_regulation_of_cell_activation,8740
gobp_regulation_of_cell_activation,8741
gobp_regulation_of_cell_activation,8744
gobp_regulation_of_cell_activation,8764
gobp_regulation_of_cell_activation,8767
gobp_regulation_of_cell_activation,8772
gobp_regulation_of_cell_activation,8808
gobp_regulation_of_cell_activation,8832
gobp_regulation_of_cell_activation,8876
gobp_regulation_of_cell_activation,8877
gobp_regulation_of_cell_activation,8915
gobp_regulation_of_cell_activation,8943
gobp_regulation_of_cell_activation,89780
gobp_regulation_of_cell_activation,8993
gobp_regulation_of_cell_activation,8995
gobp_regulation_of_cell_activation,90379
gobp_regulation_of_cell_activation,90865
gobp_regulation_of_cell_activation,9092
gobp_regulation_of_cell_activation,9093
gobp_regulation_of_cell_activation,912
gobp_regulation_of_cell_activation,914
gobp_regulation_of_cell_activation,916
gobp_regulation_of_cell_activation,9173
gobp_regulation_of_cell_activation,920
gobp_regulation_of_cell_activation,921
gobp_regulation_of_cell_activation,92196
gobp_regulation_of_cell_activation,923
gobp_regulation_of_cell_activation,9231
gobp_regulation_of_cell_activation,9258
gobp_regulation_of_cell_activation,928
gobp_regulation_of_cell_activation,930
gobp_regulation_of_cell_activation,9306
gobp_regulation_of_cell_activation,9308
gobp_regulation_of_cell_activation,933
gobp_regulation_of_cell_activation,939
gobp_regulation_of_cell_activation,940
gobp_regulation_of_cell_activation,941
gobp_regulation_of_cell_activation,942
gobp_regulation_of_cell_activation,944
gobp_regulation_of_cell_activation,945
gobp_regulation_of_cell_activation,9466
gobp_regulation_of_cell_activation,9473
gobp_regulation_of_cell_activation,9479
gobp_regulation_of_cell_activation,952
gobp_regulation_of_cell_activation,9572
gobp_regulation_of_cell_activation,958
gobp_regulation_of_cell_activation,9580
gobp_regulation_of_cell_activation,959
gobp_regulation_of_cell_activation,961
gobp_regulation_of_cell_activation,9655
gobp_regulation_of_cell_activation,970
gobp_regulation_of_cell_activation,972
gobp_regulation_of_cell_activation,975
gobp_regulation_of_cell_activation,9750
gobp_regulation_of_cell_activation,9760
gobp_regulation_of_cell_activation,9840
gobp_regulation_of_cell_activation,9867
gobp_response_to_fluid_shear_stress,10365
gobp_response_to_fluid_shear_stress,10370
gobp_response_to_fluid_shear_stress,1437
gobp_response_to_fluid_shear_stress,1636
gobp_response_to_fluid_shear_stress,19
gobp_response_to_fluid_shear_stress,207
gobp_response_to_fluid_shear_stress,2185
gobp_response_to_fluid_shear_stress,3037
gobp_response_to_fluid_shear_stress,406913
gobp_response_to_fluid_shear_stress,407048
gobp_response_to_fluid_shear_stress,4091
gobp_response_to_fluid_shear_stress,4092
gobp_response_to_fluid_shear_stress,4208
gobp_response_to_fluid_shear_stress,4313
gobp_response_to_fluid_shear_stress,445
gobp_response_to_fluid_shear_stress,4780
gobp_response_to_fluid_shear_stress,4846
gobp_response_to_fluid_shear_stress,5025
gobp_response_to_fluid_shear_stress,5027
gobp_response_to_fluid_shear_stress,5310
gobp_response_to_fluid_shear_stress,5311
gobp_response_to_fluid_shear_stress,5339
gobp_response_to_fluid_shear_stress,5598
gobp_response_to_fluid_shear_stress,5607
gobp_response_to_fluid_shear_stress,5743
gobp_response_to_fluid_shear_stress,6714
gobp_response_to_fluid_shear_stress,6721
gobp_response_to_fluid_shear_stress,7040
gobp_response_to_fluid_shear_stress,7043
gobp_response_to_fluid_shear_stress,7980
gobp_response_to_fluid_shear_stress,8754
gobp_response_to_fluid_shear_stress,8841
gobp_response_to_fluid_shear_stress,9314
gobp_response_to_fluid_shear_stress,9655
gobp_response_to_fluid_shear_stress,9788
wp_mfap5_effect_on_permeability_and_motility_of_endothelial_cells_via_cytoskeleton_rearrangement,1385
wp_mfap5_effect_on_permeability_and_motility_of_endothelial_cells_via_cytoskeleton_rearrangement,3685
wp_mfap5_effect_on_permeability_and_motility_of_endothelial_cells_via_cytoskeleton_rearrangement,3690
wp_mfap5_effect_on_permeability_and_motility_of_endothelial_cells_via_cytoskeleton_rearrangement,3708
wp_mfap5_effect_on_permeability_and_motility_of_endothelial_cells_via_cytoskeleton_rearrangement,3725
wp_mfap5_effect_on_permeability_and_motility_of_endothelial_cells_via_cytoskeleton_rearrangement,4026
wp_mfap5_effect_on_permeability_and_motility_of_endothelial_cells_via_cytoskeleton_rearrangement,4633
wp_mfap5_effect_on_permeability_and_motility_of_endothelial_cells_via_cytoskeleton_rearrangement,4638
wp_mfap5_effect_on_permeability_and_motility_of_endothelial_cells_via_cytoskeleton_rearrangement,5335
wp_mfap5_effect_on_permeability_and_motility_of_endothelial_cells_via_cytoskeleton_rearrangement,5588
wp_mfap5_effect_on_permeability_and_motility_of_endothelial_cells_via_cytoskeleton_rearrangement,5594
wp_mfap5_effect_on_permeability_and_motility_of_endothelial_cells_via_cytoskeleton_rearrangement,5595
wp_mfap5_effect_on_permeability_and_motility_of_endothelial_cells_via_cytoskeleton_rearrangement,5747
wp_mfap5_effect_on_permeability_and_motility_of_endothelial_cells_via_cytoskeleton_rearrangement,5829
wp_mfap5_effect_on_permeability_and_motility_of_endothelial_cells_via_cytoskeleton_rearrangement,7082
wp_mfap5_effect_on_permeability_and_motility_of_endothelial_cells_via_cytoskeleton_rearrangement,7414
wp_mfap5_effect_on_permeability_and_motility_of_endothelial_cells_via_cytoskeleton_rearrangement,8076
wp_mfap5_effect_on_permeability_and_motility_of_endothelial_cells_via_cytoskeleton_rearrangement,87
